best_epoch,best_val_metric,layer,test_convenience_auc,test_convenience_diagonal_margin,test_convenience_f1,test_convenience_precision,test_convenience_recall,test_cost_sensitivity_auc,test_cost_sensitivity_diagonal_margin,test_cost_sensitivity_f1,test_cost_sensitivity_precision,test_cost_sensitivity_recall,test_family_care_auc,test_family_care_diagonal_margin,test_family_care_f1,test_family_care_precision,test_family_care_recall,test_health_auc,test_health_diagonal_margin,test_health_f1,test_health_precision,test_health_recall,test_macro_auc,test_macro_f1,test_mean_diagonal_margin,val_convenience_auc,val_convenience_diagonal_margin,val_convenience_f1,val_convenience_precision,val_convenience_recall,val_cost_sensitivity_auc,val_cost_sensitivity_diagonal_margin,val_cost_sensitivity_f1,val_cost_sensitivity_precision,val_cost_sensitivity_recall,val_family_care_auc,val_family_care_diagonal_margin,val_family_care_f1,val_family_care_precision,val_family_care_recall,val_health_auc,val_health_diagonal_margin,val_health_f1,val_health_precision,val_health_recall,val_macro_auc,val_macro_f1,val_mean_diagonal_margin,val_train_loss
8,0.92875,0,0.99,0.6661117044471515,0.9,0.9,0.9,1.0,0.6583021466930707,0.9523809523809523,0.9090909090909091,1.0,0.92,0.8017386079571831,0.9090909090909091,0.8333333333333334,1.0,0.98,0.5789690622827037,0.9,0.9,0.9,0.9725,0.9153679653679654,0.6762803803450272,0.86,0.6659247406506135,0.6923076923076923,0.5625,0.9,0.96,0.4345749670639635,0.8571428571428572,0.8181818181818182,0.9,0.965,0.738482845943266,0.9090909090909091,0.8333333333333334,1.0,0.93,0.6469178907728443,0.8571428571428572,0.8181818181818182,0.9,0.92875,0.8289210789210789,0.6214751111076718,0.15231119758289083
3,0.96375,1,0.965,0.5927144041284919,0.8421052631578948,0.8888888888888888,0.8,1.0,0.7038032342369358,1.0,1.0,1.0,1.0,0.7550018165570995,1.0,1.0,1.0,0.9,0.36391809393341346,0.7058823529411764,0.8571428571428571,0.6,0.96625,0.8869969040247678,0.6038593872139851,0.885,0.6652595473142962,0.761904761904762,0.7272727272727273,0.8,0.99,0.6063340626967451,0.8421052631578948,0.8888888888888888,0.8,1.0,0.5746304236352443,1.0,1.0,1.0,0.98,0.6020861038006842,0.8421052631578948,0.8888888888888888,0.8,0.96375,0.8615288220551379,0.6120775343617424,0.30653416646962184
3,0.995,2,0.985,0.5750857176880042,0.8235294117647058,1.0,0.7,0.995,0.7817766770565262,0.9523809523809523,0.9090909090909091,1.0,1.0,0.8199916477315128,1.0,1.0,1.0,0.985,0.5064136951851348,0.888888888888889,1.0,0.8,0.99125,0.9161998132586368,0.6708169344152946,0.995,0.856733292589585,0.8,0.6666666666666666,1.0,0.99,0.7352373357707014,0.9,0.9,0.9,0.995,0.6234458113399646,0.9523809523809523,0.9090909090909091,1.0,1.0,0.7109624483312169,0.9473684210526316,1.0,0.9,0.995,0.899937343358396,0.7315947220078669,0.22255778324052095
5,0.9675,3,0.965,0.5309880959801376,0.7777777777777777,0.875,0.7,1.0,0.7872261768983057,0.9523809523809523,0.9090909090909091,1.0,1.0,0.7218229371743897,0.9523809523809523,0.9090909090909091,1.0,0.935,0.5505001680304606,0.9,0.9,0.9,0.975,0.8956349206349206,0.6476343445208235,0.895,0.672377175760145,0.7272727272727272,0.6666666666666666,0.8,0.995,0.7229757423823078,0.9523809523809523,0.9090909090909091,1.0,0.98,0.45180580060308184,0.9473684210526316,1.0,0.9,1.0,0.7032641383819282,0.9090909090909091,0.8333333333333334,1.0,0.9675,0.884028252449305,0.6376057142818657,0.17580907919481523
8,0.9525,4,0.97,0.7217251751106233,0.8571428571428572,0.8181818181818182,0.9,0.95,0.6549865158740431,0.9,0.9,0.9,1.0,0.8394145598334337,0.9523809523809523,0.9090909090909091,1.0,0.965,0.5286678612416533,0.7777777777777777,0.875,0.7,0.97125,0.8718253968253968,0.6861985280149383,0.87,0.6201548710523639,0.6363636363636365,0.5833333333333334,0.7,0.955,0.6240918677533046,0.8421052631578948,0.8888888888888888,0.8,0.99,0.48190859243040907,0.9473684210526316,1.0,0.9,0.995,0.7403326483627704,0.9090909090909091,0.8333333333333334,1.0,0.9525,0.833732057416268,0.616621994899712,0.1015791417520811
8,0.9924999999999999,5,0.985,0.7342891462312158,0.8421052631578948,0.8888888888888888,0.8,1.0,0.8726800632372034,0.9523809523809523,0.9090909090909091,1.0,0.975,0.5893249333787631,0.888888888888889,1.0,0.8,1.0,0.6578859344658364,0.9473684210526316,1.0,0.9,0.99,0.9076858813700919,0.7135450193282546,0.98,0.8812451351773537,0.9,0.9,0.9,1.0,0.8004613536371229,1.0,1.0,1.0,0.99,0.5389718937406239,0.888888888888889,1.0,0.8,1.0,0.710005815103068,0.9523809523809523,0.9090909090909091,1.0,0.9924999999999999,0.9353174603174603,0.7326710494145421,0.12021902681028168
6,0.9975,6,1.0,0.8807318435904259,1.0,1.0,1.0,1.0,0.8959052380077386,0.9523809523809523,0.9090909090909091,1.0,0.98,0.4110296142908434,0.8235294117647058,1.0,0.7,1.0,0.5355538720226225,0.888888888888889,1.0,0.8,0.995,0.9161998132586368,0.6808051419779075,1.0,0.9447064948442857,0.8695652173913044,0.7692307692307693,1.0,0.99,0.85494624125616,0.9090909090909091,0.8333333333333334,1.0,1.0,0.6189748501870782,0.9473684210526316,1.0,0.9,1.0,0.8081454460412109,1.0,1.0,1.0,0.9975,0.9315061368837113,0.8066932580821837,0.0842640318298077
6,0.98625,7,1.0,0.7160525968065485,0.9523809523809523,0.9090909090909091,1.0,1.0,0.7845827202623089,0.9523809523809523,0.9090909090909091,1.0,1.0,0.7985858306288719,0.9090909090909091,0.8333333333333334,1.0,0.995,0.4373158640383432,0.888888888888889,1.0,0.8,0.99875,0.9256854256854257,0.6841342529340182,0.965,0.8047922477126122,0.9090909090909091,0.8333333333333334,1.0,0.995,0.5591799398884177,0.9473684210526316,1.0,0.9,1.0,0.7195835164748132,0.9090909090909091,0.8333333333333334,1.0,0.985,0.5679138625118261,0.8571428571428572,0.8181818181818182,0.9,0.98625,0.9056732740943267,0.6628673916469173,0.09760312939157716
6,0.99,8,1.0,0.8693438985346196,0.9523809523809523,0.9090909090909091,1.0,1.0,0.7866190431949993,1.0,1.0,1.0,1.0,0.6956280708545819,1.0,1.0,1.0,0.99,0.5681841792849203,0.9,0.9,0.9,0.9975,0.9630952380952381,0.7299437979672803,0.98,0.8580582943376308,0.8571428571428572,0.8181818181818182,0.9,0.99,0.6251981345781435,0.8571428571428572,0.8181818181818182,0.9,1.0,0.5761152822155662,1.0,1.0,1.0,0.99,0.7157058192339415,0.8695652173913044,0.7692307692307693,1.0,0.99,0.8959627329192548,0.6937693825913205,0.0553897836169284
7,0.99625,9,0.995,0.7657035955189107,0.9473684210526316,1.0,0.9,1.0,0.6941178018343634,1.0,1.0,1.0,1.0,0.594201846467331,1.0,1.0,1.0,0.995,0.5944551346513132,0.9473684210526316,1.0,0.9,0.9975,0.9736842105263158,0.6621195946179795,1.0,0.8625189919664991,0.9523809523809523,0.9090909090909091,1.0,1.0,0.8453575537811654,0.9090909090909091,0.8333333333333334,1.0,0.995,0.6757438279649552,0.9473684210526316,1.0,0.9,0.99,0.7422260028620561,0.9090909090909091,0.8333333333333334,1.0,0.99625,0.9294827979038505,0.7814615941436689,0.02994340010642239
5,0.9824999999999999,10,1.0,0.6893898635248964,0.9473684210526316,1.0,0.9,1.0,0.8920788895804436,0.9523809523809523,0.9090909090909091,1.0,1.0,0.6081614120242496,1.0,1.0,1.0,0.99,0.6936233664009099,0.9523809523809523,0.9090909090909091,1.0,0.9975,0.963032581453634,0.7208133828826249,1.0,0.8558618623375273,1.0,1.0,1.0,0.99,0.8345569800663118,0.9,0.9,0.9,0.99,0.5729288894527902,0.9473684210526316,1.0,0.9,0.95,0.8508001549169422,0.9090909090909091,0.8333333333333334,1.0,0.9824999999999999,0.9391148325358851,0.7785369716933929,0.07029709233501365
7,0.9975,11,1.0,0.7911302261326152,0.9473684210526316,1.0,0.9,1.0,0.9287340583745389,1.0,1.0,1.0,1.0,0.6683050099469255,0.9473684210526316,1.0,0.9,1.0,0.7862703923427035,1.0,1.0,1.0,1.0,0.9736842105263158,0.7936099216991958,1.0,0.8901255316508468,1.0,1.0,1.0,1.0,0.8166658601723611,0.9473684210526316,1.0,0.9,0.99,0.7134000676373641,0.9473684210526316,1.0,0.9,1.0,0.8722081749059726,0.9090909090909091,0.8333333333333334,1.0,0.9975,0.9509569377990431,0.8230999085916362,0.02931609614904079
6,0.99375,12,1.0,0.7039440988563002,1.0,1.0,1.0,0.995,0.9155930286816633,0.9523809523809523,0.9090909090909091,1.0,1.0,0.4101593636053925,0.888888888888889,1.0,0.8,0.995,0.4890373189933598,0.9,0.9,0.9,0.9975,0.9353174603174603,0.6296834525341789,1.0,0.8744656207272783,1.0,1.0,1.0,0.99,0.8325685616582632,0.8571428571428572,0.8181818181818182,0.9,1.0,0.43417845994311693,0.9473684210526316,1.0,0.9,0.985,0.7354836094969263,0.9523809523809523,0.9090909090909091,1.0,0.99375,0.9392230576441103,0.7191740629563962,0.19550253592126296
6,1.0,13,1.0,0.9051543830777519,1.0,1.0,1.0,1.0,0.9333264005215218,1.0,1.0,1.0,0.975,0.24343866128862524,0.6666666666666666,1.0,0.5,1.0,0.5752469562343321,0.888888888888889,1.0,0.8,0.99375,0.8888888888888888,0.6642916002805578,1.0,0.891730932239443,1.0,1.0,1.0,1.0,0.8059757932787761,0.9473684210526316,1.0,0.9,1.0,0.5900203869076601,0.888888888888889,1.0,0.8,1.0,0.8754542788063797,1.0,1.0,1.0,1.0,0.9590643274853802,0.7907953478080647,0.037705797395851136
4,0.9975,14,1.0,0.7830888759267206,0.9473684210526316,1.0,0.9,1.0,0.9124953261654203,1.0,1.0,1.0,1.0,0.5657221774725865,1.0,1.0,1.0,0.985,0.5322968976261715,0.8235294117647058,1.0,0.7,0.99625,0.9427244582043344,0.6984008192977247,1.0,0.8695085565171515,1.0,1.0,1.0,0.995,0.8349202600579398,0.9,0.9,0.9,0.995,0.6226256026381938,0.9473684210526316,1.0,0.9,1.0,0.817357515085799,1.0,1.0,1.0,0.9975,0.9618421052631579,0.786102983574771,0.06035480162138151
4,0.9975,15,1.0,0.7438771075879534,1.0,1.0,1.0,1.0,0.8926637036454244,1.0,1.0,1.0,1.0,0.6489058389017979,1.0,1.0,1.0,0.995,0.5385446911522498,0.9523809523809523,0.9090909090909091,1.0,0.99875,0.9880952380952381,0.7059978353218563,1.0,0.8062167023463795,1.0,1.0,1.0,1.0,0.8747695011707644,1.0,1.0,1.0,1.0,0.7192458278344324,0.9523809523809523,0.9090909090909091,1.0,0.99,0.7606429233836631,0.9090909090909091,0.8333333333333334,1.0,0.9975,0.9653679653679653,0.7902187386838099,0.0385670548610165
5,0.98875,16,1.0,0.6727107293748606,1.0,1.0,1.0,1.0,0.7707300905759136,1.0,1.0,1.0,1.0,0.6528760566997032,1.0,1.0,1.0,0.99,0.5421410731971263,0.9523809523809523,0.9090909090909091,1.0,0.9975,0.9880952380952381,0.659614487461901,1.0,0.8574993157293648,0.9523809523809523,0.9090909090909091,1.0,1.0,0.6705713277682662,0.9473684210526316,1.0,0.9,1.0,0.5757659088509778,1.0,1.0,1.0,0.955,0.5418743723692994,0.9090909090909091,0.8333333333333334,1.0,0.98875,0.9522100706311233,0.6614277311794771,0.04008764189038812
3,0.83125,17,1.0,0.8667743794464816,1.0,1.0,1.0,1.0,0.8556833172837893,1.0,1.0,1.0,0.235,-0.2210276259419819,0.0,0.0,0.0,1.0,0.8145484902895986,1.0,1.0,1.0,0.80875,0.75,0.5789946402694719,1.0,0.9107487128116191,1.0,1.0,1.0,1.0,0.7603129846664767,0.9473684210526316,1.0,0.9,0.325,-0.1513365827190379,0.0,0.0,0.0,1.0,0.8770311744883657,0.9523809523809523,0.9090909090909091,1.0,0.83125,0.724937343358396,0.5991890723118559,0.22308056519824676
3,0.99875,18,1.0,0.6204918592081716,0.888888888888889,1.0,0.8,1.0,0.865340644835184,1.0,1.0,1.0,1.0,0.4400783767923713,0.9473684210526316,1.0,0.9,1.0,0.7259143119212239,0.9523809523809523,0.9090909090909091,1.0,1.0,0.9471595655806182,0.6629562981892377,1.0,0.7800189125972489,1.0,1.0,1.0,0.995,0.7722101568787669,0.9,0.9,0.9,1.0,0.53624270328631,1.0,1.0,1.0,1.0,0.7872271500527859,0.9523809523809523,0.9090909090909091,1.0,0.99875,0.9630952380952381,0.7189247307037779,0.18178758747878807
3,1.0,19,1.0,0.7867815553986778,1.0,1.0,1.0,1.0,0.7251827291989078,1.0,1.0,1.0,1.0,0.6788104688671107,1.0,1.0,1.0,0.995,0.75571182675194,0.9523809523809523,0.9090909090909091,1.0,0.99875,0.9880952380952381,0.7366216450541591,1.0,0.8714354164432734,1.0,1.0,1.0,1.0,0.728707698189343,0.9473684210526316,1.0,0.9,1.0,0.7846898439728345,0.8695652173913044,0.7692307692307693,1.0,1.0,0.8454485409737875,0.9523809523809523,0.9090909090909091,1.0,1.0,0.942328647706222,0.8075703748948095,0.06146472875639348
7,0.9975,20,1.0,0.7805336434238901,0.9473684210526316,1.0,0.9,1.0,0.8010715966617378,1.0,1.0,1.0,1.0,0.5854353230989848,0.9473684210526316,1.0,0.9,1.0,0.6748682030476629,1.0,1.0,1.0,1.0,0.9736842105263158,0.7104771915580689,0.99,0.8552930935460609,0.9523809523809523,0.9090909090909091,1.0,1.0,0.7436457394234215,1.0,1.0,1.0,1.0,0.5821149223716929,0.9523809523809523,0.9090909090909091,1.0,1.0,0.6982481892531117,1.0,1.0,1.0,0.9975,0.9761904761904762,0.7198254861485718,0.014356224166531501
5,0.9975,21,1.0,0.8186495881682883,0.9473684210526316,1.0,0.9,1.0,0.8982094485778361,1.0,1.0,1.0,1.0,0.4852348287589848,1.0,1.0,1.0,1.0,0.7280383294448256,1.0,1.0,1.0,1.0,0.986842105263158,0.7325330487374837,1.0,0.9718413458632615,1.0,1.0,1.0,1.0,0.8360427013753603,0.9473684210526316,1.0,0.9,1.0,0.40190263217470296,0.888888888888889,1.0,0.8,0.99,0.7863968976695711,0.9523809523809523,0.9090909090909091,1.0,0.9975,0.9471595655806182,0.749045894270724,0.028491687423231885
5,0.995,22,1.0,0.8457825124302569,1.0,1.0,1.0,1.0,0.7762903788127005,1.0,1.0,1.0,1.0,0.668653862826371,1.0,1.0,1.0,1.0,0.7325484154590716,1.0,1.0,1.0,1.0,1.0,0.7558187923821,1.0,0.8510745898199578,1.0,1.0,1.0,0.995,0.764960833832932,0.9473684210526316,1.0,0.9,1.0,0.7383517190775213,0.9523809523809523,0.9090909090909091,1.0,0.985,0.7565653519006447,0.9523809523809523,0.9090909090909091,1.0,0.995,0.963032581453634,0.777738123657764,0.03699083192730291
7,0.9924999999999999,23,1.0,0.75888226282356,0.9473684210526316,1.0,0.9,1.0,0.9236928447518343,0.9523809523809523,0.9090909090909091,1.0,1.0,0.5633287845916735,0.9473684210526316,1.0,0.9,0.99,0.6747355320684922,0.9,0.9,0.9,0.9975,0.9367794486215539,0.73015985605889,1.0,0.9205276535785136,1.0,1.0,1.0,0.98,0.8609525832968454,0.9473684210526316,1.0,0.9,1.0,0.5026938822857725,0.9473684210526316,1.0,0.9,0.99,0.8206323617331994,0.9090909090909091,0.8333333333333334,1.0,0.9924999999999999,0.9509569377990431,0.7762016202235827,0.015898956484659683
6,0.99625,24,0.98,0.8130687836868067,0.9473684210526316,1.0,0.9,1.0,0.9368726302287541,1.0,1.0,1.0,1.0,0.6839709362791231,1.0,1.0,1.0,1.0,0.6970535202883184,1.0,1.0,1.0,0.995,0.986842105263158,0.7827414676207506,0.99,0.9065871179181462,0.9090909090909091,0.8333333333333334,1.0,1.0,0.8720015114638955,0.9473684210526316,1.0,0.9,1.0,0.7692011800749848,1.0,1.0,1.0,0.995,0.7723696512170136,0.9523809523809523,0.9090909090909091,1.0,0.99625,0.9522100706311233,0.83003986516851,0.12206944371114195
3,0.9975,25,1.0,0.4896524544805288,0.7499999999999999,1.0,0.6,1.0,0.9188525240402668,0.9523809523809523,0.9090909090909091,1.0,1.0,0.7531173130807778,1.0,1.0,1.0,1.0,0.7473684900207445,1.0,1.0,1.0,1.0,0.925595238095238,0.7272476954055794,1.0,0.8870992824047184,1.0,1.0,1.0,0.99,0.8466943772044033,0.9,0.9,0.9,1.0,0.8489676379753898,1.0,1.0,1.0,1.0,0.8111032410990447,0.9523809523809523,0.9090909090909091,1.0,0.9975,0.9630952380952381,0.848466134670889,0.10805546150334104
3,0.99625,26,1.0,0.930200832678626,0.9523809523809523,0.9090909090909091,1.0,0.995,0.7952180573561539,0.9523809523809523,0.9090909090909091,1.0,1.0,0.4726496761664748,0.9473684210526316,1.0,0.9,1.0,0.25588467113363245,0.888888888888889,1.0,0.8,0.99875,0.9352548036758563,0.6134883093337218,1.0,0.9404599609163901,0.9523809523809523,0.9090909090909091,1.0,0.99,0.6542078535693387,0.9,0.9,0.9,0.995,0.4581299960613251,0.9,0.9,0.9,1.0,0.5011420839776595,1.0,1.0,1.0,0.99625,0.9380952380952381,0.6384849736311784,0.11014939799288094
3,0.995,27,1.0,0.6491925767157227,0.8235294117647058,1.0,0.7,1.0,0.9420447768177838,0.9523809523809523,0.9090909090909091,1.0,1.0,0.6591695132665336,1.0,1.0,1.0,1.0,0.6219400372045736,1.0,1.0,1.0,1.0,0.9439775910364145,0.7180867260011534,1.0,0.9043690825967738,1.0,1.0,1.0,0.985,0.8414964383623252,0.9,0.9,0.9,1.0,0.6635510170366614,1.0,1.0,1.0,0.995,0.7087092168163508,0.9523809523809523,0.9090909090909091,1.0,0.995,0.9630952380952381,0.7795314387030279,0.11718619121145145
6,0.9975,28,0.995,0.7378083601167116,0.9473684210526316,1.0,0.9,1.0,0.8851256593169334,0.9523809523809523,0.9090909090909091,1.0,1.0,0.6744646262183476,1.0,1.0,1.0,0.985,0.360722529317718,0.9,0.9,0.9,0.995,0.949937343358396,0.6645302937424277,1.0,0.9139206606390265,1.0,1.0,1.0,0.99,0.7672436912699292,0.9473684210526316,1.0,0.9,1.0,0.6599158350843937,0.9523809523809523,0.9090909090909091,1.0,1.0,0.559033244351546,0.9523809523809523,0.9090909090909091,1.0,0.9975,0.963032581453634,0.7250283578362239,0.04497097645509353
3,0.99375,29,0.855,0.46802071408989526,0.588235294117647,0.7142857142857143,0.5,0.99,0.9272438652968655,0.9090909090909091,0.8333333333333334,1.0,1.0,0.801176253442342,1.0,1.0,1.0,1.0,0.5897637266976138,1.0,1.0,1.0,0.9612499999999999,0.874331550802139,0.6965511398816792,0.99,0.81934611517936,0.8421052631578948,0.8888888888888888,0.8,0.99,0.8301582021949192,0.9,0.9,0.9,1.0,0.7422711521231881,1.0,1.0,1.0,0.995,0.6881002092113098,0.9523809523809523,0.9090909090909091,1.0,0.99375,0.9236215538847118,0.7699689196771943,0.27436360801386345
5,0.99625,30,1.0,0.7135489349408696,0.9473684210526316,1.0,0.9,1.0,0.9176433134125546,0.9523809523809523,0.9090909090909091,1.0,1.0,0.5035850444653382,0.888888888888889,1.0,0.8,0.995,0.5729012604492405,0.9523809523809523,0.9090909090909091,1.0,0.99875,0.9352548036758563,0.6769196383170007,1.0,0.8970686685875989,1.0,1.0,1.0,0.985,0.8062484484010687,0.9,0.9,0.9,1.0,0.6134935168821054,1.0,1.0,1.0,1.0,0.7330580793010691,0.9090909090909091,0.8333333333333334,1.0,0.99625,0.9522727272727273,0.7624671782929605,0.050688622675113454
8,0.9875,31,0.79,0.16892338932957499,0.0,0.0,0.0,0.995,0.8794477717058422,0.9523809523809523,0.9090909090909091,1.0,1.0,0.6773247162112966,0.9473684210526316,1.0,0.9,1.0,0.6040307054140917,0.9473684210526316,1.0,0.9,0.94625,0.7117794486215538,0.5824316456652013,0.96,0.1590867688607735,0.0,0.0,0.0,0.99,0.7966909046440075,0.9473684210526316,1.0,0.9,1.0,0.7127887305958818,0.9473684210526316,1.0,0.9,1.0,0.6923324269553026,0.9523809523809523,0.9090909090909091,1.0,0.9875,0.7117794486215538,0.5902247077639914,0.17434372149375157
4,0.98625,32,0.995,0.79184799939394,0.9523809523809523,0.9090909090909091,1.0,1.0,0.8345598278256754,0.9523809523809523,0.9090909090909091,1.0,1.0,0.6508832216728478,1.0,1.0,1.0,0.97,0.2650901538785547,0.9,0.9,0.9,0.99125,0.9511904761904761,0.6355953006927545,0.99,0.7669568736261378,0.9,0.9,0.9,0.98,0.713041990964363,0.9,0.9,0.9,1.0,0.6244698969647288,1.0,1.0,1.0,0.975,0.45041117329771313,0.8181818181818182,0.75,0.9,0.98625,0.9045454545454545,0.6387199837132357,0.09973367390123174
8,0.99125,33,0.78,0.16960082466636475,0.0,0.0,0.0,1.0,0.8446584604602927,0.9523809523809523,0.9090909090909091,1.0,1.0,0.5361155417747796,0.8235294117647058,1.0,0.7,0.995,0.6421271526565154,0.9523809523809523,0.9090909090909091,1.0,0.94375,0.6820728291316527,0.5481254948894881,0.965,0.19557850788890693,0.0,0.0,0.0,1.0,0.7877003687123457,0.9473684210526316,1.0,0.9,1.0,0.7159780997278479,1.0,1.0,1.0,1.0,0.7281420551822522,0.9523809523809523,0.9090909090909091,1.0,0.99125,0.724937343358396,0.6068497578778381,0.18905281528198226
5,0.99625,34,0.99,0.9182906601888439,0.9523809523809523,0.9090909090909091,1.0,0.995,0.9249808473628945,0.9523809523809523,0.9090909090909091,1.0,1.0,0.6130430938132727,0.7499999999999999,1.0,0.6,1.0,0.43974257217487317,0.9473684210526316,1.0,0.9,0.99625,0.900532581453634,0.724014293384971,0.995,0.8441544835766156,0.9,0.9,0.9,0.99,0.7412692995625547,0.9473684210526316,1.0,0.9,1.0,0.5295434845727868,0.8235294117647058,1.0,0.7,1.0,0.5741342067058819,1.0,1.0,1.0,0.99625,0.9177244582043343,0.6722753686044598,0.09639435318021422
6,1.0,35,1.0,0.7376486051041866,0.888888888888889,1.0,0.8,1.0,0.8903266821221526,1.0,1.0,1.0,1.0,0.4204787970268323,0.8235294117647058,1.0,0.7,1.0,0.6258712873988164,0.9473684210526316,1.0,0.9,1.0,0.9149466804265566,0.668581342912997,1.0,0.9169602092850255,0.9523809523809523,0.9090909090909091,1.0,1.0,0.7912261856632541,1.0,1.0,1.0,1.0,0.6537563654632929,1.0,1.0,1.0,1.0,0.8324357112559179,1.0,1.0,1.0,1.0,0.9880952380952381,0.7985946179168726,0.039610899423006114
